Ref,Val,Package,PosX,PosY,Rot,Side
"C1","22u","C_0805_2012Metric",103.550000,-73.250000,0.000000,top
"C2","22u","C_0805_2012Metric",105.900000,-86.500000,0.000000,top
"C3","100n","C_0402_1005Metric_Pad0.74x0.62mm_HandSolder",84.610000,-73.500000,0.000000,top
"C4","10pF","C_0402_1005Metric",80.440000,-66.560000,90.000000,top
"C5","10uF","C_0603_1608Metric_Pad1.08x0.95mm_HandSolder",84.100000,-59.100000,180.000000,top
"C6","10pF","C_0402_1005Metric_Pad0.74x0.62mm_HandSolder",80.440000,-68.680000,90.000000,top
"C7","10nF","C_0402_1005Metric",84.060000,-61.950000,180.000000,top
"C8","10nF","C_0402_1005Metric",93.200000,-64.750000,-90.000000,top
"C9","10nF","C_0402_1005Metric",81.610000,-65.650000,-90.000000,top
"C10","10nF","C_0402_1005Metric",90.870000,-73.650000,180.000000,top
"C11","10nF","C_0402_1005Metric",81.550000,-69.700000,90.000000,top
"C12","1uF","C_0402_1005Metric",80.550000,-72.930000,180.000000,top
"C13","1uF","C_0402_1005Metric",80.550000,-74.170000,180.000000,top
"D1","RED","LED_0603_1608Metric",107.100000,-79.850000,-90.000000,top
"FB1","120R","L_0603_1608Metric",82.390000,-73.332500,-90.000000,top
"J1","Conn_01x04_Pin","Molex_KK-254_AE-6410-04A_1x04_P2.54mm_Vertical",91.280000,-48.810000,180.000000,top
"J2","Conn_01x04_Pin","Molex_KK-254_AE-6410-04A_1x04_P2.54mm_Vertical",83.460000,-84.920000,0.000000,top
"J3","Conn_01x04_Pin","Molex_KK-254_AE-6410-04A_1x04_P2.54mm_Vertical",102.800000,-48.840000,180.000000,top
"J4","USB_B_Micro","USB_Micro-B_Wuerth_629105150521_CircularHoles",108.995000,-66.750000,90.000000,top
"R1","1k5","R_0402_1005Metric_Pad0.72x0.64mm_HandSolder",107.100000,-77.050000,90.000000,top
"R2","1k5","R_0402_1005Metric_Pad0.72x0.64mm_HandSolder",85.170000,-76.160000,0.000000,top
"R3","1k5","R_0402_1005Metric_Pad0.72x0.64mm_HandSolder",88.250000,-76.200000,0.000000,top
"R4","10k","R_0402_1005Metric_Pad0.72x0.64mm_HandSolder",83.897500,-57.350000,0.000000,top
"R5","1k5","R_0402_1005Metric_Pad0.72x0.64mm_HandSolder",96.750000,-65.850000,-90.000000,top
"SW1","SW_SPDT","SW_SPDT_PCM12",73.575000,-58.250000,-90.000000,top
"U1","AMS1117-3.3","SOT-223-3_TabPin2",102.250000,-80.900000,-90.000000,top
"U2","STM32F103C_8-B_T6","LQFP-48_7x7mm_P0.5mm",87.410000,-67.760000,0.000000,top
"Y1","16MHz","Crystal_SMD_3225-4Pin_3.2x2.5mm",75.690000,-68.000000,-90.000000,top
